Mes,Aluguel Mensal,Parcela Contrato,Total Mensal
Mes 1,R$ 1200.00,R$ 400.00,R$ 1600.00
Mes 2,R$ 1200.00,R$ 400.00,R$ 1600.00
Mes 3,R$ 1200.00,R$ 400.00,R$ 1600.00
Mes 4,R$ 1200.00,R$ 400.00,R$ 1600.00
Mes 5,R$ 1200.00,R$ 400.00,R$ 1600.00
Mes 6,R$ 1200.00,R$ 0.00,R$ 1200.00
Mes 7,R$ 1200.00,R$ 0.00,R$ 1200.00
Mes 8,R$ 1200.00,R$ 0.00,R$ 1200.00
Mes 9,R$ 1200.00,R$ 0.00,R$ 1200.00
Mes 10,R$ 1200.00,R$ 0.00,R$ 1200.00
Mes 11,R$ 1200.00,R$ 0.00,R$ 1200.00
Mes 12,R$ 1200.00,R$ 0.00,R$ 1200.00
